<?xml version="1.0" encoding="UTF-8"?>
<!DOCTYPE BIOS SYSTEM "USERNAMELIST.dtd">
<intertecintl>
  <generic>
    <!--** Regex to chek provided username format **-->
    <param>
      <name>USERNAME_FORMAT_REGEX</name>
      <value>^(.){6,}$</value>
    </param>	
	<!--** Name of the file which contains the restricted usernames **-->
    <param>
      <name>RESTRICTED_NAMES_FILE</name>
      <value>restrictedNames.list</value>
    </param>
	<!--** Name of the file which contains the used usernames **-->
    <param>
      <name>USED_NAMES_FILE</name>
      <value>usedNames.list</value>
    </param>
	<!--** Length of suggested list of usernames **-->
    <param>
      <name>SUGGESTED_LIST_LENGTH</name>
      <value>14</value>
    </param>
  </generic>
</intertecintl>